{
    "rmse": 0.7043170635873625,
    "mae": 0.5589056795173245,
    "r2_score": 0.272308824805384
}